Modelo,Accuracy,Precision_macro,Recall_macro,F1_macro,Precision_weighted,Recall_weighted,F1_weighted,Precision_micro,Recall_micro,F1_micro
XGBoost,0.963125,0.9633939512000129,0.9631249999999999,0.9632258784671894,0.9633939512000128,0.963125,0.9632258784671893,0.963125,0.963125,0.963125
Red Neuronal MLP,0.99,0.9901721838889289,0.99,0.9900184924303255,0.9901721838889288,0.99,0.9900184924303254,0.99,0.99,0.99
