Modelo,Clase,Precision,Recall,F1,Soporte
Red Neuronal MLP,Healthy,1.0,0.995,0.9974937343358395,400
Red Neuronal MLP,Generalized,0.9949748743718593,0.99,0.9924812030075187,400
Red Neuronal MLP,Focal,0.9949109414758269,0.9775,0.9861286254728878,400
Red Neuronal MLP,Seizure,0.9708029197080292,0.9975,0.9839704069050554,400
