Modelo,Clase,Precision,Recall,F1,Soporte
XGBoost,Healthy,0.9974874371859297,0.9925,0.9949874686716792,400
XGBoost,Generalized,0.9847715736040609,0.97,0.9773299748110831,400
XGBoost,Focal,0.9336609336609336,0.95,0.9417596034696406,400
XGBoost,Seizure,0.9376558603491272,0.94,0.9388264669163545,400
